data,hora,dia_do_ano,veiculos,solar_disponivel_kw,carros_carregando,kwh_solar,kwh_rede,kwh_total,co2_evitado_kg,economia_reais
2026-05-01,0,121,0,0.0,0,0,0,0,0.0,0.0
2026-05-01,1,121,0,0.0,0,0,0,0,0.0,0.0
2026-05-01,2,121,0,0.0,0,0,0,0,0.0,0.0
2026-05-01,3,121,0,0.0,0,0,0,0,0.0,0.0
2026-05-01,4,121,0,0.0,0,0,0,0,0.0,0.0
2026-05-01,5,121,0,0.0,0,0,0,0,0.0,0.0
2026-05-01,6,121,0,0.0,0,0,0,0,0.0,0.0
2026-05-01,7,121,4,0.618,4,0.618,28.982,29.6,0.0554,0.5253
2026-05-01,8,121,4,1.456,4,1.456,28.144,29.6,0.1306,1.2376
2026-05-01,9,121,4,2.413,4,2.413,27.187,29.6,0.2164,2.051
2026-05-01,10,121,3,3.23,3,3.23,18.97,22.2,0.2897,2.7455
2026-05-01,11,121,0,3.85,0,0,0,0,0.0,0.0
2026-05-01,12,121,1,3.934,1,3.934,3.466,7.4,0.3529,3.3439
2026-05-01,13,121,2,3.31,2,3.31,11.49,14.8,0.2969,2.8135
2026-05-01,14,121,1,3.595,1,3.595,3.805,7.4,0.3225,3.0558
2026-05-01,15,121,2,2.165,2,2.165,12.635,14.8,0.1942,1.8402
2026-05-01,16,121,3,1.404,3,1.404,20.796,22.2,0.1259,1.1934
2026-05-01,17,121,2,0.619,2,0.619,14.181,14.8,0.0555,0.5262
2026-05-01,18,121,0,0.0,0,0,0,0,0.0,0.0
2026-05-01,19,121,3,0.0,3,0.0,22.2,22.2,0.0,0.0
2026-05-01,20,121,4,0.0,4,0.0,29.6,29.6,0.0,0.0
2026-05-01,21,121,0,0.0,0,0,0,0,0.0,0.0
2026-05-01,22,121,0,0.0,0,0,0,0,0.0,0.0
2026-05-01,23,121,0,0.0,0,0,0,0,0.0,0.0
2026-05-02,0,122,0,0.0,0,0,0,0,0.0,0.0
2026-05-02,1,122,0,0.0,0,0,0,0,0.0,0.0
2026-05-02,2,122,0,0.0,0,0,0,0,0.0,0.0
2026-05-02,3,122,0,0.0,0,0,0,0,0.0,0.0
2026-05-02,4,122,1,0.0,1,0.0,7.4,7.4,0.0,0.0
2026-05-02,5,122,0,0.0,0,0,0,0,0.0,0.0
2026-05-02,6,122,1,0.0,1,0.0,7.4,7.4,0.0,0.0
2026-05-02,7,122,1,0.619,1,0.619,6.781,7.4,0.0555,0.5262
2026-05-02,8,122,0,1.651,0,0,0,0,0.0,0.0
2026-05-02,9,122,1,2.488,1,2.488,4.912,7.4,0.2232,2.1148
2026-05-02,10,122,1,2.794,1,2.794,4.606,7.4,0.2506,2.3749
2026-05-02,11,122,3,3.286,3,3.286,18.914,22.2,0.2948,2.7931
2026-05-02,12,122,1,3.901,1,3.901,3.499,7.4,0.3499,3.3158
2026-05-02,13,122,0,3.24,0,0,0,0,0.0,0.0
2026-05-02,14,122,0,3.427,0,0,0,0,0.0,0.0
2026-05-02,15,122,3,2.281,3,2.281,19.919,22.2,0.2046,1.9388
2026-05-02,16,122,1,1.804,1,1.804,5.596,7.4,0.1618,1.5334
2026-05-02,17,122,4,0.658,4,0.658,28.942,29.6,0.059,0.5593
2026-05-02,18,122,2,0.0,2,0.0,14.8,14.8,0.0,0.0
2026-05-02,19,122,1,0.0,1,0.0,7.4,7.4,0.0,0.0
2026-05-02,20,122,3,0.0,3,0.0,22.2,22.2,0.0,0.0
2026-05-02,21,122,1,0.0,1,0.0,7.4,7.4,0.0,0.0
2026-05-02,22,122,0,0.0,0,0,0,0,0.0,0.0
2026-05-02,23,122,0,0.0,0,0,0,0,0.0,0.0
2026-05-03,0,123,1,0.0,1,0.0,7.4,7.4,0.0,0.0
2026-05-03,1,123,1,0.0,1,0.0,7.4,7.4,0.0,0.0
2026-05-03,2,123,0,0.0,0,0,0,0,0.0,0.0
2026-05-03,3,123,0,0.0,0,0,0,0,0.0,0.0
2026-05-03,4,123,0,0.0,0,0,0,0,0.0,0.0
2026-05-03,5,123,0,0.0,0,0,0,0,0.0,0.0
2026-05-03,6,123,0,0.0,0,0,0,0,0.0,0.0
2026-05-03,7,123,3,0.555,3,0.555,21.645,22.2,0.0498,0.4718
2026-05-03,8,123,3,1.598,3,1.598,20.602,22.2,0.1433,1.3583
2026-05-03,9,123,4,2.727,4,2.727,26.873,29.6,0.2446,2.3179
2026-05-03,10,123,0,3.288,0,0,0,0,0.0,0.0
2026-05-03,11,123,0,3.731,0,0,0,0,0.0,0.0
2026-05-03,12,123,2,3.982,2,3.982,10.818,14.8,0.3572,3.3847
2026-05-03,13,123,2,3.095,2,3.095,11.705,14.8,0.2776,2.6307
2026-05-03,14,123,3,2.775,3,2.775,19.425,22.2,0.2489,2.3587
2026-05-03,15,123,0,2.799,0,0,0,0,0.0,0.0
2026-05-03,16,123,2,1.819,2,1.819,12.981,14.8,0.1632,1.5461
2026-05-03,17,123,1,0.578,1,0.578,6.822,7.4,0.0518,0.4913
2026-05-03,18,123,0,0.0,0,0,0,0,0.0,0.0
2026-05-03,19,123,2,0.0,2,0.0,14.8,14.8,0.0,0.0
2026-05-03,20,123,4,0.0,4,0.0,29.6,29.6,0.0,0.0
2026-05-03,21,123,0,0.0,0,0,0,0,0.0,0.0
2026-05-03,22,123,0,0.0,0,0,0,0,0.0,0.0
2026-05-03,23,123,0,0.0,0,0,0,0,0.0,0.0
2026-05-04,0,124,0,0.0,0,0,0,0,0.0,0.0
2026-05-04,1,124,0,0.0,0,0,0,0,0.0,0.0
2026-05-04,2,124,0,0.0,0,0,0,0,0.0,0.0
2026-05-04,3,124,0,0.0,0,0,0,0,0.0,0.0
2026-05-04,4,124,0,0.0,0,0,0,0,0.0,0.0
2026-05-04,5,124,0,0.0,0,0,0,0,0.0,0.0
2026-05-04,6,124,0,0.0,0,0,0,0,0.0,0.0
2026-05-04,7,124,3,0.645,3,0.645,21.555,22.2,0.0579,0.5483
2026-05-04,8,124,1,1.454,1,1.454,5.946,7.4,0.1304,1.2359
2026-05-04,9,124,4,2.375,4,2.375,27.225,29.6,0.213,2.0187
2026-05-04,10,124,1,3.516,1,3.516,3.884,7.4,0.3154,2.9886
2026-05-04,11,124,1,3.749,1,3.749,3.651,7.4,0.3363,3.1867
2026-05-04,12,124,3,4.226,3,4.226,17.974,22.2,0.3791,3.5921
2026-05-04,13,124,2,3.444,2,3.444,11.356,14.8,0.3089,2.9274
2026-05-04,14,124,3,2.726,3,2.726,19.474,22.2,0.2445,2.3171
2026-05-04,15,124,1,2.099,1,2.099,5.301,7.4,0.1883,1.7842
2026-05-04,16,124,0,1.614,0,0,0,0,0.0,0.0
2026-05-04,17,124,1,0.581,1,0.581,6.819,7.4,0.0521,0.4938
2026-05-04,18,124,0,0.0,0,0,0,0,0.0,0.0
2026-05-04,19,124,0,0.0,0,0,0,0,0.0,0.0
2026-05-04,20,124,0,0.0,0,0,0,0,0.0,0.0
2026-05-04,21,124,0,0.0,0,0,0,0,0.0,0.0
2026-05-04,22,124,0,0.0,0,0,0,0,0.0,0.0
2026-05-04,23,124,0,0.0,0,0,0,0,0.0,0.0
2026-05-05,0,125,1,0.0,1,0.0,7.4,7.4,0.0,0.0
2026-05-05,1,125,0,0.0,0,0,0,0,0.0,0.0
2026-05-05,2,125,0,0.0,0,0,0,0,0.0,0.0
2026-05-05,3,125,1,0.0,1,0.0,7.4,7.4,0.0,0.0
2026-05-05,4,125,0,0.0,0,0,0,0,0.0,0.0
2026-05-05,5,125,0,0.0,0,0,0,0,0.0,0.0
2026-05-05,6,125,1,0.0,1,0.0,7.4,7.4,0.0,0.0
2026-05-05,7,125,3,0.549,3,0.549,21.651,22.2,0.0492,0.4667
2026-05-05,8,125,0,1.644,0,0,0,0,0.0,0.0
2026-05-05,9,125,0,2.084,0,0,0,0,0.0,0.0
2026-05-05,10,125,2,3.374,2,3.374,11.426,14.8,0.3026,2.8679
2026-05-05,11,125,0,3.22,0,0,0,0,0.0,0.0
2026-05-05,12,125,1,3.681,1,3.681,3.719,7.4,0.3302,3.1288
2026-05-05,13,125,1,3.411,1,3.411,3.989,7.4,0.306,2.8994
2026-05-05,14,125,2,3.045,2,3.045,11.755,14.8,0.2731,2.5882
2026-05-05,15,125,0,2.377,0,0,0,0,0.0,0.0
2026-05-05,16,125,0,1.337,0,0,0,0,0.0,0.0
2026-05-05,17,125,4,0.613,4,0.613,28.987,29.6,0.055,0.5211
2026-05-05,18,125,0,0.0,0,0,0,0,0.0,0.0
2026-05-05,19,125,1,0.0,1,0.0,7.4,7.4,0.0,0.0
2026-05-05,20,125,1,0.0,1,0.0,7.4,7.4,0.0,0.0
2026-05-05,21,125,1,0.0,1,0.0,7.4,7.4,0.0,0.0
2026-05-05,22,125,0,0.0,0,0,0,0,0.0,0.0
2026-05-05,23,125,0,0.0,0,0,0,0,0.0,0.0
2026-05-06,0,126,0,0.0,0,0,0,0,0.0,0.0
2026-05-06,1,126,0,0.0,0,0,0,0,0.0,0.0
2026-05-06,2,126,1,0.0,1,0.0,7.4,7.4,0.0,0.0
2026-05-06,3,126,1,0.0,1,0.0,7.4,7.4,0.0,0.0
2026-05-06,4,126,0,0.0,0,0,0,0,0.0,0.0
2026-05-06,5,126,0,0.0,0,0,0,0,0.0,0.0
2026-05-06,6,126,0,0.0,0,0,0,0,0.0,0.0
2026-05-06,7,126,4,0.584,4,0.584,29.016,29.6,0.0524,0.4964
2026-05-06,8,126,0,1.667,0,0,0,0,0.0,0.0
2026-05-06,9,126,0,2.065,0,0,0,0,0.0,0.0
2026-05-06,10,126,3,3.07,3,3.07,19.13,22.2,0.2754,2.6095
2026-05-06,11,126,1,2.995,1,2.995,4.405,7.4,0.2687,2.5457
2026-05-06,12,126,0,4.026,0,0,0,0,0.0,0.0
2026-05-06,13,126,0,3.587,0,0,0,0,0.0,0.0
2026-05-06,14,126,1,2.974,1,2.974,4.426,7.4,0.2668,2.5279
2026-05-06,15,126,1,2.467,1,2.467,4.933,7.4,0.2213,2.097
2026-05-06,16,126,0,1.604,0,0,0,0,0.0,0.0
2026-05-06,17,126,3,0.571,3,0.571,21.629,22.2,0.0512,0.4853
2026-05-06,18,126,4,0.0,4,0.0,29.6,29.6,0.0,0.0
2026-05-06,19,126,4,0.0,4,0.0,29.6,29.6,0.0,0.0
2026-05-06,20,126,2,0.0,2,0.0,14.8,14.8,0.0,0.0
2026-05-06,21,126,0,0.0,0,0,0,0,0.0,0.0
2026-05-06,22,126,0,0.0,0,0,0,0,0.0,0.0
2026-05-06,23,126,1,0.0,1,0.0,7.4,7.4,0.0,0.0
2026-05-07,0,127,0,0.0,0,0,0,0,0.0,0.0
2026-05-07,1,127,1,0.0,1,0.0,7.4,7.4,0.0,0.0
2026-05-07,2,127,0,0.0,0,0,0,0,0.0,0.0
2026-05-07,3,127,0,0.0,0,0,0,0,0.0,0.0
2026-05-07,4,127,0,0.0,0,0,0,0,0.0,0.0
2026-05-07,5,127,0,0.0,0,0,0,0,0.0,0.0
2026-05-07,6,127,0,0.0,0,0,0,0,0.0,0.0
2026-05-07,7,127,1,0.511,1,0.511,6.889,7.4,0.0458,0.4344
2026-05-07,8,127,1,1.504,1,1.504,5.896,7.4,0.1349,1.2784
2026-05-07,9,127,4,2.547,4,2.547,27.053,29.6,0.2285,2.165
2026-05-07,10,127,0,3.215,0,0,0,0,0.0,0.0
2026-05-07,11,127,2,3.94,2,3.94,10.86,14.8,0.3534,3.349
2026-05-07,12,127,0,4.109,0,0,0,0,0.0,0.0
2026-05-07,13,127,1,3.209,1,3.209,4.191,7.4,0.2878,2.7277
2026-05-07,14,127,0,3.286,0,0,0,0,0.0,0.0
2026-05-07,15,127,1,2.221,1,2.221,5.179,7.4,0.1992,1.8879
2026-05-07,16,127,1,1.639,1,1.639,5.761,7.4,0.147,1.3931
2026-05-07,17,127,1,0.565,1,0.565,6.835,7.4,0.0507,0.4802
2026-05-07,18,127,2,0.0,2,0.0,14.8,14.8,0.0,0.0
2026-05-07,19,127,4,0.0,4,0.0,29.6,29.6,0.0,0.0
2026-05-07,20,127,3,0.0,3,0.0,22.2,22.2,0.0,0.0
2026-05-07,21,127,0,0.0,0,0,0,0,0.0,0.0
2026-05-07,22,127,0,0.0,0,0,0,0,0.0,0.0
2026-05-07,23,127,0,0.0,0,0,0,0,0.0,0.0
2026-05-08,0,128,0,0.0,0,0,0,0,0.0,0.0
2026-05-08,1,128,0,0.0,0,0,0,0,0.0,0.0
2026-05-08,2,128,0,0.0,0,0,0,0,0.0,0.0
2026-05-08,3,128,0,0.0,0,0,0,0,0.0,0.0
2026-05-08,4,128,0,0.0,0,0,0,0,0.0,0.0
2026-05-08,5,128,0,0.0,0,0,0,0,0.0,0.0
2026-05-08,6,128,0,0.0,0,0,0,0,0.0,0.0
2026-05-08,7,128,3,0.461,3,0.461,21.739,22.2,0.0414,0.3919
2026-05-08,8,128,2,1.457,2,1.457,13.343,14.8,0.1307,1.2385
2026-05-08,9,128,0,2.68,0,0,0,0,0.0,0.0
2026-05-08,10,128,1,3.213,1,3.213,4.187,7.4,0.2882,2.7311
2026-05-08,11,128,0,3.293,0,0,0,0,0.0,0.0
2026-05-08,12,128,3,4.131,3,4.131,18.069,22.2,0.3706,3.5114
2026-05-08,13,128,1,3.917,1,3.917,3.483,7.4,0.3514,3.3294
2026-05-08,14,128,1,3.388,1,3.388,4.012,7.4,0.3039,2.8798
2026-05-08,15,128,1,2.667,1,2.667,4.733,7.4,0.2392,2.2669
2026-05-08,16,128,0,1.368,0,0,0,0,0.0,0.0
2026-05-08,17,128,2,0.569,2,0.569,14.231,14.8,0.051,0.4836
2026-05-08,18,128,3,0.0,3,0.0,22.2,22.2,0.0,0.0
2026-05-08,19,128,1,0.0,1,0.0,7.4,7.4,0.0,0.0
2026-05-08,20,128,2,0.0,2,0.0,14.8,14.8,0.0,0.0
2026-05-08,21,128,0,0.0,0,0,0,0,0.0,0.0
2026-05-08,22,128,0,0.0,0,0,0,0,0.0,0.0
2026-05-08,23,128,0,0.0,0,0,0,0,0.0,0.0
2026-05-09,0,129,0,0.0,0,0,0,0,0.0,0.0
2026-05-09,1,129,1,0.0,1,0.0,7.4,7.4,0.0,0.0
2026-05-09,2,129,0,0.0,0,0,0,0,0.0,0.0
2026-05-09,3,129,0,0.0,0,0,0,0,0.0,0.0
2026-05-09,4,129,1,0.0,1,0.0,7.4,7.4,0.0,0.0
2026-05-09,5,129,0,0.0,0,0,0,0,0.0,0.0
2026-05-09,6,129,1,0.0,1,0.0,7.4,7.4,0.0,0.0
2026-05-09,7,129,4,0.496,4,0.496,29.104,29.6,0.0445,0.4216
2026-05-09,8,129,4,1.43,4,1.43,28.17,29.6,0.1283,1.2155
2026-05-09,9,129,0,2.08,0,0,0,0,0.0,0.0
2026-05-09,10,129,2,2.718,2,2.718,12.082,14.8,0.2438,2.3103
2026-05-09,11,129,2,2.937,2,2.937,11.863,14.8,0.2634,2.4964
2026-05-09,12,129,3,3.404,3,3.404,18.796,22.2,0.3053,2.8934
2026-05-09,13,129,2,3.369,2,3.369,11.431,14.8,0.3022,2.8637
2026-05-09,14,129,0,2.915,0,0,0,0,0.0,0.0
2026-05-09,15,129,1,2.184,1,2.184,5.216,7.4,0.1959,1.8564
2026-05-09,16,129,3,1.273,3,1.273,20.927,22.2,0.1142,1.082
2026-05-09,17,129,4,0.543,4,0.543,29.057,29.6,0.0487,0.4616
2026-05-09,18,129,1,0.0,1,0.0,7.4,7.4,0.0,0.0
2026-05-09,19,129,2,0.0,2,0.0,14.8,14.8,0.0,0.0
2026-05-09,20,129,3,0.0,3,0.0,22.2,22.2,0.0,0.0
2026-05-09,21,129,0,0.0,0,0,0,0,0.0,0.0
2026-05-09,22,129,0,0.0,0,0,0,0,0.0,0.0
2026-05-09,23,129,1,0.0,1,0.0,7.4,7.4,0.0,0.0
2026-05-10,0,130,1,0.0,1,0.0,7.4,7.4,0.0,0.0
2026-05-10,1,130,1,0.0,1,0.0,7.4,7.4,0.0,0.0
2026-05-10,2,130,0,0.0,0,0,0,0,0.0,0.0
2026-05-10,3,130,1,0.0,1,0.0,7.4,7.4,0.0,0.0
2026-05-10,4,130,0,0.0,0,0,0,0,0.0,0.0
2026-05-10,5,130,0,0.0,0,0,0,0,0.0,0.0
2026-05-10,6,130,1,0.0,1,0.0,7.4,7.4,0.0,0.0
2026-05-10,7,130,1,0.491,1,0.491,6.909,7.4,0.044,0.4173
2026-05-10,8,130,4,1.549,4,1.549,28.051,29.6,0.1389,1.3166
2026-05-10,9,130,2,2.328,2,2.328,12.472,14.8,0.2088,1.9788
2026-05-10,10,130,3,3.178,3,3.178,19.022,22.2,0.2851,2.7013
2026-05-10,11,130,3,3.741,3,3.741,18.459,22.2,0.3356,3.1799
2026-05-10,12,130,1,3.743,1,3.743,3.657,7.4,0.3357,3.1815
2026-05-10,13,130,2,3.44,2,3.44,11.36,14.8,0.3086,2.924
2026-05-10,14,130,2,2.624,2,2.624,12.176,14.8,0.2354,2.2304
2026-05-10,15,130,1,2.483,1,2.483,4.917,7.4,0.2227,2.1105
2026-05-10,16,130,1,1.644,1,1.644,5.756,7.4,0.1475,1.3974
2026-05-10,17,130,1,0.427,1,0.427,6.973,7.4,0.0383,0.3629
2026-05-10,18,130,1,0.0,1,0.0,7.4,7.4,0.0,0.0
2026-05-10,19,130,3,0.0,3,0.0,22.2,22.2,0.0,0.0
2026-05-10,20,130,4,0.0,4,0.0,29.6,29.6,0.0,0.0
2026-05-10,21,130,0,0.0,0,0,0,0,0.0,0.0
2026-05-10,22,130,0,0.0,0,0,0,0,0.0,0.0
2026-05-10,23,130,1,0.0,1,0.0,7.4,7.4,0.0,0.0
2026-05-11,0,131,0,0.0,0,0,0,0,0.0,0.0
2026-05-11,1,131,0,0.0,0,0,0,0,0.0,0.0
2026-05-11,2,131,0,0.0,0,0,0,0,0.0,0.0
2026-05-11,3,131,0,0.0,0,0,0,0,0.0,0.0
2026-05-11,4,131,0,0.0,0,0,0,0,0.0,0.0
2026-05-11,5,131,0,0.0,0,0,0,0,0.0,0.0
2026-05-11,6,131,0,0.0,0,0,0,0,0.0,0.0
2026-05-11,7,131,3,0.518,3,0.518,21.682,22.2,0.0465,0.4403
2026-05-11,8,131,4,1.532,4,1.532,28.068,29.6,0.1374,1.3022
2026-05-11,9,131,3,2.425,3,2.425,19.775,22.2,0.2175,2.0612
2026-05-11,10,131,3,3.31,3,3.31,18.89,22.2,0.2969,2.8135
2026-05-11,11,131,3,3.837,3,3.837,18.363,22.2,0.3442,3.2614
2026-05-11,12,131,3,3.494,3,3.494,18.706,22.2,0.3134,2.9699
2026-05-11,13,131,1,3.775,1,3.775,3.625,7.4,0.3386,3.2087
2026-05-11,14,131,2,3.249,2,3.249,11.551,14.8,0.2914,2.7616
2026-05-11,15,131,3,2.435,3,2.435,19.765,22.2,0.2184,2.0697
2026-05-11,16,131,2,1.459,2,1.459,13.341,14.8,0.1309,1.2402
2026-05-11,17,131,2,0.451,2,0.451,14.349,14.8,0.0405,0.3834
2026-05-11,18,131,2,0.0,2,0.0,14.8,14.8,0.0,0.0
2026-05-11,19,131,2,0.0,2,0.0,14.8,14.8,0.0,0.0
2026-05-11,20,131,4,0.0,4,0.0,29.6,29.6,0.0,0.0
2026-05-11,21,131,0,0.0,0,0,0,0,0.0,0.0
2026-05-11,22,131,0,0.0,0,0,0,0,0.0,0.0
2026-05-11,23,131,0,0.0,0,0,0,0,0.0,0.0
2026-05-12,0,132,0,0.0,0,0,0,0,0.0,0.0
2026-05-12,1,132,1,0.0,1,0.0,7.4,7.4,0.0,0.0
2026-05-12,2,132,1,0.0,1,0.0,7.4,7.4,0.0,0.0
2026-05-12,3,132,0,0.0,0,0,0,0,0.0,0.0
2026-05-12,4,132,0,0.0,0,0,0,0,0.0,0.0
2026-05-12,5,132,0,0.0,0,0,0,0,0.0,0.0
2026-05-12,6,132,1,0.0,1,0.0,7.4,7.4,0.0,0.0
2026-05-12,7,132,0,0.55,0,0,0,0,0.0,0.0
2026-05-12,8,132,2,1.594,2,1.594,13.206,14.8,0.143,1.3549
2026-05-12,9,132,3,2.357,3,2.357,19.843,22.2,0.2114,2.0034
2026-05-12,10,132,1,2.973,1,2.973,4.427,7.4,0.2667,2.5271
2026-05-12,11,132,2,3.326,2,3.326,11.474,14.8,0.2983,2.8271
2026-05-12,12,132,0,3.412,0,0,0,0,0.0,0.0
2026-05-12,13,132,3,3.636,3,3.636,18.564,22.2,0.3261,3.0906
2026-05-12,14,132,3,3.379,3,3.379,18.821,22.2,0.3031,2.8721
2026-05-12,15,132,0,2.629,0,0,0,0,0.0,0.0
2026-05-12,16,132,0,1.282,0,0,0,0,0.0,0.0
2026-05-12,17,132,3,0.427,3,0.427,21.773,22.2,0.0383,0.3629
2026-05-12,18,132,3,0.0,3,0.0,22.2,22.2,0.0,0.0
2026-05-12,19,132,1,0.0,1,0.0,7.4,7.4,0.0,0.0
2026-05-12,20,132,0,0.0,0,0,0,0,0.0,0.0
2026-05-12,21,132,1,0.0,1,0.0,7.4,7.4,0.0,0.0
2026-05-12,22,132,0,0.0,0,0,0,0,0.0,0.0
2026-05-12,23,132,1,0.0,1,0.0,7.4,7.4,0.0,0.0
2026-05-13,0,133,1,0.0,1,0.0,7.4,7.4,0.0,0.0
2026-05-13,1,133,1,0.0,1,0.0,7.4,7.4,0.0,0.0
2026-05-13,2,133,0,0.0,0,0,0,0,0.0,0.0
2026-05-13,3,133,0,0.0,0,0,0,0,0.0,0.0
2026-05-13,4,133,0,0.0,0,0,0,0,0.0,0.0
2026-05-13,5,133,0,0.0,0,0,0,0,0.0,0.0
2026-05-13,6,133,0,0.0,0,0,0,0,0.0,0.0
2026-05-13,7,133,1,0.428,1,0.428,6.972,7.4,0.0384,0.3638
2026-05-13,8,133,0,1.521,0,0,0,0,0.0,0.0
2026-05-13,9,133,1,2.043,1,2.043,5.357,7.4,0.1833,1.7366
2026-05-13,10,133,0,3.031,0,0,0,0,0.0,0.0
2026-05-13,11,133,1,3.344,1,3.344,4.056,7.4,0.3,2.8424
2026-05-13,12,133,2,3.818,2,3.818,10.982,14.8,0.3425,3.2453
2026-05-13,13,133,1,3.495,1,3.495,3.905,7.4,0.3135,2.9708
2026-05-13,14,133,0,3.231,0,0,0,0,0.0,0.0
2026-05-13,15,133,1,2.657,1,2.657,4.743,7.4,0.2383,2.2584
2026-05-13,16,133,0,1.502,0,0,0,0,0.0,0.0
2026-05-13,17,133,2,0.484,2,0.484,14.316,14.8,0.0434,0.4114
2026-05-13,18,133,3,0.0,3,0.0,22.2,22.2,0.0,0.0
2026-05-13,19,133,3,0.0,3,0.0,22.2,22.2,0.0,0.0
2026-05-13,20,133,1,0.0,1,0.0,7.4,7.4,0.0,0.0
2026-05-13,21,133,0,0.0,0,0,0,0,0.0,0.0
2026-05-13,22,133,0,0.0,0,0,0,0,0.0,0.0
2026-05-13,23,133,0,0.0,0,0,0,0,0.0,0.0
2026-05-14,0,134,1,0.0,1,0.0,7.4,7.4,0.0,0.0
2026-05-14,1,134,0,0.0,0,0,0,0,0.0,0.0
2026-05-14,2,134,0,0.0,0,0,0,0,0.0,0.0
2026-05-14,3,134,1,0.0,1,0.0,7.4,7.4,0.0,0.0
2026-05-14,4,134,0,0.0,0,0,0,0,0.0,0.0
2026-05-14,5,134,1,0.0,1,0.0,7.4,7.4,0.0,0.0
2026-05-14,6,134,0,0.0,0,0,0,0,0.0,0.0
2026-05-14,7,134,1,0.498,1,0.498,6.902,7.4,0.0447,0.4233
2026-05-14,8,134,2,1.508,2,1.508,13.292,14.8,0.1353,1.2818
2026-05-14,9,134,4,2.505,4,2.505,27.095,29.6,0.2247,2.1292
2026-05-14,10,134,3,2.897,3,2.897,19.303,22.2,0.2599,2.4624
2026-05-14,11,134,2,3.179,2,3.179,11.621,14.8,0.2852,2.7021
2026-05-14,12,134,1,3.874,1,3.874,3.526,7.4,0.3475,3.2929
2026-05-14,13,134,0,3.133,0,0,0,0,0.0,0.0
2026-05-14,14,134,3,2.718,3,2.718,19.482,22.2,0.2438,2.3103
2026-05-14,15,134,3,2.356,3,2.356,19.844,22.2,0.2113,2.0026
2026-05-14,16,134,3,1.379,3,1.379,20.821,22.2,0.1237,1.1722
2026-05-14,17,134,3,0.515,3,0.515,21.685,22.2,0.0462,0.4377
2026-05-14,18,134,1,0.0,1,0.0,7.4,7.4,0.0,0.0
2026-05-14,19,134,3,0.0,3,0.0,22.2,22.2,0.0,0.0
2026-05-14,20,134,1,0.0,1,0.0,7.4,7.4,0.0,0.0
2026-05-14,21,134,1,0.0,1,0.0,7.4,7.4,0.0,0.0
2026-05-14,22,134,1,0.0,1,0.0,7.4,7.4,0.0,0.0
2026-05-14,23,134,0,0.0,0,0,0,0,0.0,0.0
2026-05-15,0,135,0,0.0,0,0,0,0,0.0,0.0
2026-05-15,1,135,0,0.0,0,0,0,0,0.0,0.0
2026-05-15,2,135,0,0.0,0,0,0,0,0.0,0.0
2026-05-15,3,135,1,0.0,1,0.0,7.4,7.4,0.0,0.0
2026-05-15,4,135,0,0.0,0,0,0,0,0.0,0.0
2026-05-15,5,135,0,0.0,0,0,0,0,0.0,0.0
2026-05-15,6,135,0,0.0,0,0,0,0,0.0,0.0
2026-05-15,7,135,1,0.427,1,0.427,6.973,7.4,0.0383,0.3629
2026-05-15,8,135,4,1.384,4,1.384,28.216,29.6,0.1241,1.1764
2026-05-15,9,135,4,2.316,4,2.316,27.284,29.6,0.2077,1.9686
2026-05-15,10,135,3,3.407,3,3.407,18.793,22.2,0.3056,2.896
2026-05-15,11,135,2,3.198,2,3.198,11.602,14.8,0.2869,2.7183
2026-05-15,12,135,3,3.242,3,3.242,18.958,22.2,0.2908,2.7557
2026-05-15,13,135,2,3.069,2,3.069,11.731,14.8,0.2753,2.6086
2026-05-15,14,135,1,2.773,1,2.773,4.627,7.4,0.2487,2.3571
2026-05-15,15,135,1,2.07,1,2.07,5.33,7.4,0.1857,1.7595
2026-05-15,16,135,3,1.342,3,1.342,20.858,22.2,0.1204,1.1407
2026-05-15,17,135,4,0.523,4,0.523,29.077,29.6,0.0469,0.4446
2026-05-15,18,135,4,0.0,4,0.0,29.6,29.6,0.0,0.0
2026-05-15,19,135,4,0.0,4,0.0,29.6,29.6,0.0,0.0
2026-05-15,20,135,2,0.0,2,0.0,14.8,14.8,0.0,0.0
2026-05-15,21,135,0,0.0,0,0,0,0,0.0,0.0
2026-05-15,22,135,0,0.0,0,0,0,0,0.0,0.0
2026-05-15,23,135,0,0.0,0,0,0,0,0.0,0.0
2026-05-16,0,136,0,0.0,0,0,0,0,0.0,0.0
2026-05-16,1,136,0,0.0,0,0,0,0,0.0,0.0
2026-05-16,2,136,0,0.0,0,0,0,0,0.0,0.0
2026-05-16,3,136,0,0.0,0,0,0,0,0.0,0.0
2026-05-16,4,136,0,0.0,0,0,0,0,0.0,0.0
2026-05-16,5,136,0,0.0,0,0,0,0,0.0,0.0
2026-05-16,6,136,1,0.0,1,0.0,7.4,7.4,0.0,0.0
2026-05-16,7,136,3,0.423,3,0.423,21.777,22.2,0.0379,0.3595
2026-05-16,8,136,0,1.321,0,0,0,0,0.0,0.0
2026-05-16,9,136,3,2.004,3,2.004,20.196,22.2,0.1798,1.7034
2026-05-16,10,136,0,2.84,0,0,0,0,0.0,0.0
2026-05-16,11,136,0,3.423,0,0,0,0,0.0,0.0
2026-05-16,12,136,0,3.098,0,0,0,0,0.0,0.0
2026-05-16,13,136,2,2.904,2,2.904,11.896,14.8,0.2605,2.4684
2026-05-16,14,136,1,2.579,1,2.579,4.821,7.4,0.2313,2.1922
2026-05-16,15,136,3,2.358,3,2.358,19.842,22.2,0.2115,2.0043
2026-05-16,16,136,1,1.558,1,1.558,5.842,7.4,0.1398,1.3243
2026-05-16,17,136,3,0.439,3,0.439,21.761,22.2,0.0394,0.3731
2026-05-16,18,136,3,0.0,3,0.0,22.2,22.2,0.0,0.0
2026-05-16,19,136,2,0.0,2,0.0,14.8,14.8,0.0,0.0
2026-05-16,20,136,4,0.0,4,0.0,29.6,29.6,0.0,0.0
2026-05-16,21,136,1,0.0,1,0.0,7.4,7.4,0.0,0.0
2026-05-16,22,136,0,0.0,0,0,0,0,0.0,0.0
2026-05-16,23,136,0,0.0,0,0,0,0,0.0,0.0
2026-05-17,0,137,0,0.0,0,0,0,0,0.0,0.0
2026-05-17,1,137,0,0.0,0,0,0,0,0.0,0.0
2026-05-17,2,137,0,0.0,0,0,0,0,0.0,0.0
2026-05-17,3,137,0,0.0,0,0,0,0,0.0,0.0
2026-05-17,4,137,1,0.0,1,0.0,7.4,7.4,0.0,0.0
2026-05-17,5,137,1,0.0,1,0.0,7.4,7.4,0.0,0.0
2026-05-17,6,137,0,0.0,0,0,0,0,0.0,0.0
2026-05-17,7,137,2,0.466,2,0.466,14.334,14.8,0.0418,0.3961
2026-05-17,8,137,3,1.231,3,1.231,20.969,22.2,0.1104,1.0464
2026-05-17,9,137,1,2.574,1,2.574,4.826,7.4,0.2309,2.1879
2026-05-17,10,137,1,2.851,1,2.851,4.549,7.4,0.2557,2.4234
2026-05-17,11,137,1,3.484,1,3.484,3.916,7.4,0.3125,2.9614
2026-05-17,12,137,2,3.826,2,3.826,10.974,14.8,0.3432,3.2521
2026-05-17,13,137,0,2.866,0,0,0,0,0.0,0.0
2026-05-17,14,137,2,3.008,2,3.008,11.792,14.8,0.2698,2.5568
2026-05-17,15,137,2,2.227,2,2.227,12.573,14.8,0.1998,1.8929
2026-05-17,16,137,3,1.508,3,1.508,20.692,22.2,0.1353,1.2818
2026-05-17,17,137,3,0.498,3,0.498,21.702,22.2,0.0447,0.4233
2026-05-17,18,137,4,0.0,4,0.0,29.6,29.6,0.0,0.0
2026-05-17,19,137,4,0.0,4,0.0,29.6,29.6,0.0,0.0
2026-05-17,20,137,3,0.0,3,0.0,22.2,22.2,0.0,0.0
2026-05-17,21,137,0,0.0,0,0,0,0,0.0,0.0
2026-05-17,22,137,0,0.0,0,0,0,0,0.0,0.0
2026-05-17,23,137,1,0.0,1,0.0,7.4,7.4,0.0,0.0
2026-05-18,0,138,0,0.0,0,0,0,0,0.0,0.0
2026-05-18,1,138,0,0.0,0,0,0,0,0.0,0.0
2026-05-18,2,138,0,0.0,0,0,0,0,0.0,0.0
2026-05-18,3,138,0,0.0,0,0,0,0,0.0,0.0
2026-05-18,4,138,1,0.0,1,0.0,7.4,7.4,0.0,0.0
2026-05-18,5,138,0,0.0,0,0,0,0,0.0,0.0
2026-05-18,6,138,0,0.0,0,0,0,0,0.0,0.0
2026-05-18,7,138,3,0.408,3,0.408,21.792,22.2,0.0366,0.3468
2026-05-18,8,138,2,1.334,2,1.334,13.466,14.8,0.1197,1.1339
2026-05-18,9,138,0,2.514,0,0,0,0,0.0,0.0
2026-05-18,10,138,2,2.827,2,2.827,11.973,14.8,0.2536,2.4029
2026-05-18,11,138,3,3.094,3,3.094,19.106,22.2,0.2775,2.6299
2026-05-18,12,138,3,3.797,3,3.797,18.403,22.2,0.3406,3.2275
2026-05-18,13,138,0,3.269,0,0,0,0,0.0,0.0
2026-05-18,14,138,2,2.681,2,2.681,12.119,14.8,0.2405,2.2788
2026-05-18,15,138,0,2.595,0,0,0,0,0.0,0.0
2026-05-18,16,138,3,1.576,3,1.576,20.624,22.2,0.1414,1.3396
2026-05-18,17,138,0,0.45,0,0,0,0,0.0,0.0
2026-05-18,18,138,4,0.0,4,0.0,29.6,29.6,0.0,0.0
2026-05-18,19,138,3,0.0,3,0.0,22.2,22.2,0.0,0.0
2026-05-18,20,138,3,0.0,3,0.0,22.2,22.2,0.0,0.0
2026-05-18,21,138,0,0.0,0,0,0,0,0.0,0.0
2026-05-18,22,138,1,0.0,1,0.0,7.4,7.4,0.0,0.0
2026-05-18,23,138,0,0.0,0,0,0,0,0.0,0.0
2026-05-19,0,139,0,0.0,0,0,0,0,0.0,0.0
2026-05-19,1,139,0,0.0,0,0,0,0,0.0,0.0
2026-05-19,2,139,1,0.0,1,0.0,7.4,7.4,0.0,0.0
2026-05-19,3,139,0,0.0,0,0,0,0,0.0,0.0
2026-05-19,4,139,0,0.0,0,0,0,0,0.0,0.0
2026-05-19,5,139,0,0.0,0,0,0,0,0.0,0.0
2026-05-19,6,139,0,0.0,0,0,0,0,0.0,0.0
2026-05-19,7,139,1,0.485,1,0.485,6.915,7.4,0.0435,0.4123
2026-05-19,8,139,0,1.387,0,0,0,0,0.0,0.0
2026-05-19,9,139,0,2.353,0,0,0,0,0.0,0.0
2026-05-19,10,139,1,2.895,1,2.895,4.505,7.4,0.2597,2.4607
2026-05-19,11,139,2,3.313,2,3.313,11.487,14.8,0.2972,2.8161
2026-05-19,12,139,2,3.351,2,3.351,11.449,14.8,0.3006,2.8483
2026-05-19,13,139,3,3.805,3,3.805,18.395,22.2,0.3413,3.2342
2026-05-19,14,139,1,2.857,1,2.857,4.543,7.4,0.2563,2.4285
2026-05-19,15,139,1,2.166,1,2.166,5.234,7.4,0.1943,1.8411
2026-05-19,16,139,1,1.565,1,1.565,5.835,7.4,0.1404,1.3302
2026-05-19,17,139,2,0.456,2,0.456,14.344,14.8,0.0409,0.3876
2026-05-19,18,139,3,0.0,3,0.0,22.2,22.2,0.0,0.0
2026-05-19,19,139,2,0.0,2,0.0,14.8,14.8,0.0,0.0
2026-05-19,20,139,4,0.0,4,0.0,29.6,29.6,0.0,0.0
2026-05-19,21,139,0,0.0,0,0,0,0,0.0,0.0
2026-05-19,22,139,1,0.0,1,0.0,7.4,7.4,0.0,0.0
2026-05-19,23,139,0,0.0,0,0,0,0,0.0,0.0
2026-05-20,0,140,1,0.0,1,0.0,7.4,7.4,0.0,0.0
2026-05-20,1,140,1,0.0,1,0.0,7.4,7.4,0.0,0.0
2026-05-20,2,140,1,0.0,1,0.0,7.4,7.4,0.0,0.0
2026-05-20,3,140,0,0.0,0,0,0,0,0.0,0.0
2026-05-20,4,140,0,0.0,0,0,0,0,0.0,0.0
2026-05-20,5,140,0,0.0,0,0,0,0,0.0,0.0
2026-05-20,6,140,0,0.0,0,0,0,0,0.0,0.0
2026-05-20,7,140,3,0.439,3,0.439,21.761,22.2,0.0394,0.3731
2026-05-20,8,140,3,1.344,3,1.344,20.856,22.2,0.1206,1.1424
2026-05-20,9,140,1,2.234,1,2.234,5.166,7.4,0.2004,1.8989
2026-05-20,10,140,0,2.545,0,0,0,0,0.0,0.0
2026-05-20,11,140,2,3.676,2,3.676,11.124,14.8,0.3297,3.1246
2026-05-20,12,140,3,2.997,3,2.997,19.203,22.2,0.2688,2.5474
2026-05-20,13,140,3,2.788,3,2.788,19.412,22.2,0.2501,2.3698
2026-05-20,14,140,1,2.803,1,2.803,4.597,7.4,0.2514,2.3825
2026-05-20,15,140,1,1.937,1,1.937,5.463,7.4,0.1737,1.6464
2026-05-20,16,140,2,1.323,2,1.323,13.477,14.8,0.1187,1.1245
2026-05-20,17,140,3,0.432,3,0.432,21.768,22.2,0.0388,0.3672
2026-05-20,18,140,2,0.0,2,0.0,14.8,14.8,0.0,0.0
2026-05-20,19,140,4,0.0,4,0.0,29.6,29.6,0.0,0.0
2026-05-20,20,140,3,0.0,3,0.0,22.2,22.2,0.0,0.0
2026-05-20,21,140,1,0.0,1,0.0,7.4,7.4,0.0,0.0
2026-05-20,22,140,0,0.0,0,0,0,0,0.0,0.0
2026-05-20,23,140,0,0.0,0,0,0,0,0.0,0.0
2026-05-21,0,141,0,0.0,0,0,0,0,0.0,0.0
2026-05-21,1,141,0,0.0,0,0,0,0,0.0,0.0
2026-05-21,2,141,0,0.0,0,0,0,0,0.0,0.0
2026-05-21,3,141,0,0.0,0,0,0,0,0.0,0.0
2026-05-21,4,141,0,0.0,0,0,0,0,0.0,0.0
2026-05-21,5,141,0,0.0,0,0,0,0,0.0,0.0
2026-05-21,6,141,1,0.0,1,0.0,7.4,7.4,0.0,0.0
2026-05-21,7,141,2,0.395,2,0.395,14.405,14.8,0.0354,0.3357
2026-05-21,8,141,1,1.399,1,1.399,6.001,7.4,0.1255,1.1891
2026-05-21,9,141,4,2.355,4,2.355,27.245,29.6,0.2112,2.0017
2026-05-21,10,141,1,2.574,1,2.574,4.826,7.4,0.2309,2.1879
2026-05-21,11,141,0,3.394,0,0,0,0,0.0,0.0
2026-05-21,12,141,3,3.548,3,3.548,18.652,22.2,0.3183,3.0158
2026-05-21,13,141,1,3.278,1,3.278,4.122,7.4,0.294,2.7863
2026-05-21,14,141,1,2.631,1,2.631,4.769,7.4,0.236,2.2363
2026-05-21,15,141,2,2.199,2,2.199,12.601,14.8,0.1973,1.8691
2026-05-21,16,141,0,1.56,0,0,0,0,0.0,0.0
2026-05-21,17,141,3,0.455,3,0.455,21.745,22.2,0.0408,0.3867
2026-05-21,18,141,4,0.0,4,0.0,29.6,29.6,0.0,0.0
2026-05-21,19,141,1,0.0,1,0.0,7.4,7.4,0.0,0.0
2026-05-21,20,141,0,0.0,0,0,0,0,0.0,0.0
2026-05-21,21,141,1,0.0,1,0.0,7.4,7.4,0.0,0.0
2026-05-21,22,141,1,0.0,1,0.0,7.4,7.4,0.0,0.0
2026-05-21,23,141,1,0.0,1,0.0,7.4,7.4,0.0,0.0
2026-05-22,0,142,0,0.0,0,0,0,0,0.0,0.0
2026-05-22,1,142,1,0.0,1,0.0,7.4,7.4,0.0,0.0
2026-05-22,2,142,0,0.0,0,0,0,0,0.0,0.0
2026-05-22,3,142,1,0.0,1,0.0,7.4,7.4,0.0,0.0
2026-05-22,4,142,1,0.0,1,0.0,7.4,7.4,0.0,0.0
2026-05-22,5,142,0,0.0,0,0,0,0,0.0,0.0
2026-05-22,6,142,0,0.0,0,0,0,0,0.0,0.0
2026-05-22,7,142,4,0.442,4,0.442,29.158,29.6,0.0396,0.3757
2026-05-22,8,142,0,1.555,0,0,0,0,0.0,0.0
2026-05-22,9,142,3,2.45,3,2.45,19.75,22.2,0.2198,2.0825
2026-05-22,10,142,2,3.112,2,3.112,11.688,14.8,0.2791,2.6452
2026-05-22,11,142,1,3.379,1,3.379,4.021,7.4,0.3031,2.8721
2026-05-22,12,142,2,3.105,2,3.105,11.695,14.8,0.2785,2.6393
2026-05-22,13,142,1,3.393,1,3.393,4.007,7.4,0.3044,2.884
2026-05-22,14,142,1,2.979,1,2.979,4.421,7.4,0.2672,2.5322
2026-05-22,15,142,0,2.084,0,0,0,0,0.0,0.0
2026-05-22,16,142,3,1.173,3,1.173,21.027,22.2,0.1052,0.997
2026-05-22,17,142,2,0.426,2,0.426,14.374,14.8,0.0382,0.3621
2026-05-22,18,142,0,0.0,0,0,0,0,0.0,0.0
2026-05-22,19,142,2,0.0,2,0.0,14.8,14.8,0.0,0.0
2026-05-22,20,142,2,0.0,2,0.0,14.8,14.8,0.0,0.0
2026-05-22,21,142,0,0.0,0,0,0,0,0.0,0.0
2026-05-22,22,142,0,0.0,0,0,0,0,0.0,0.0
2026-05-22,23,142,1,0.0,1,0.0,7.4,7.4,0.0,0.0
2026-05-23,0,143,0,0.0,0,0,0,0,0.0,0.0
2026-05-23,1,143,1,0.0,1,0.0,7.4,7.4,0.0,0.0
2026-05-23,2,143,0,0.0,0,0,0,0,0.0,0.0
2026-05-23,3,143,0,0.0,0,0,0,0,0.0,0.0
2026-05-23,4,143,0,0.0,0,0,0,0,0.0,0.0
2026-05-23,5,143,1,0.0,1,0.0,7.4,7.4,0.0,0.0
2026-05-23,6,143,0,0.0,0,0,0,0,0.0,0.0
2026-05-23,7,143,0,0.36,0,0,0,0,0.0,0.0
2026-05-23,8,143,0,1.348,0,0,0,0,0.0,0.0
2026-05-23,9,143,2,2.267,2,2.267,12.533,14.8,0.2033,1.9269
2026-05-23,10,143,2,2.5,2,2.5,12.3,14.8,0.2243,2.125
2026-05-23,11,143,1,3.228,1,3.228,4.172,7.4,0.2896,2.7438
2026-05-23,12,143,2,3.841,2,3.841,10.959,14.8,0.3445,3.2649
2026-05-23,13,143,1,3.409,1,3.409,3.991,7.4,0.3058,2.8976
2026-05-23,14,143,3,3.221,3,3.221,18.979,22.2,0.2889,2.7378
2026-05-23,15,143,2,2.312,2,2.312,12.488,14.8,0.2074,1.9652
2026-05-23,16,143,0,1.212,0,0,0,0,0.0,0.0
2026-05-23,17,143,0,0.365,0,0,0,0,0.0,0.0
2026-05-23,18,143,3,0.0,3,0.0,22.2,22.2,0.0,0.0
2026-05-23,19,143,0,0.0,0,0,0,0,0.0,0.0
2026-05-23,20,143,0,0.0,0,0,0,0,0.0,0.0
2026-05-23,21,143,0,0.0,0,0,0,0,0.0,0.0
2026-05-23,22,143,1,0.0,1,0.0,7.4,7.4,0.0,0.0
2026-05-23,23,143,1,0.0,1,0.0,7.4,7.4,0.0,0.0
2026-05-24,0,144,0,0.0,0,0,0,0,0.0,0.0
2026-05-24,1,144,0,0.0,0,0,0,0,0.0,0.0
2026-05-24,2,144,1,0.0,1,0.0,7.4,7.4,0.0,0.0
2026-05-24,3,144,0,0.0,0,0,0,0,0.0,0.0
2026-05-24,4,144,0,0.0,0,0,0,0,0.0,0.0
2026-05-24,5,144,0,0.0,0,0,0,0,0.0,0.0
2026-05-24,6,144,0,0.0,0,0,0,0,0.0,0.0
2026-05-24,7,144,2,0.387,2,0.387,14.413,14.8,0.0347,0.329
2026-05-24,8,144,2,1.17,2,1.17,13.63,14.8,0.1049,0.9945
2026-05-24,9,144,2,1.983,2,1.983,12.817,14.8,0.1779,1.6856
2026-05-24,10,144,0,3.245,0,0,0,0,0.0,0.0
2026-05-24,11,144,3,2.828,3,2.828,19.372,22.2,0.2537,2.4038
2026-05-24,12,144,1,3.536,1,3.536,3.864,7.4,0.3172,3.0056
2026-05-24,13,144,0,2.786,0,0,0,0,0.0,0.0
2026-05-24,14,144,2,2.612,2,2.612,12.188,14.8,0.2343,2.2202
2026-05-24,15,144,1,2.397,1,2.397,5.003,7.4,0.215,2.0374
2026-05-24,16,144,1,1.174,1,1.174,6.226,7.4,0.1053,0.9979
2026-05-24,17,144,4,0.347,4,0.347,29.253,29.6,0.0311,0.2949
2026-05-24,18,144,1,0.0,1,0.0,7.4,7.4,0.0,0.0
2026-05-24,19,144,1,0.0,1,0.0,7.4,7.4,0.0,0.0
2026-05-24,20,144,2,0.0,2,0.0,14.8,14.8,0.0,0.0
2026-05-24,21,144,0,0.0,0,0,0,0,0.0,0.0
2026-05-24,22,144,0,0.0,0,0,0,0,0.0,0.0
2026-05-24,23,144,0,0.0,0,0,0,0,0.0,0.0
2026-05-25,0,145,0,0.0,0,0,0,0,0.0,0.0
2026-05-25,1,145,0,0.0,0,0,0,0,0.0,0.0
2026-05-25,2,145,0,0.0,0,0,0,0,0.0,0.0
2026-05-25,3,145,0,0.0,0,0,0,0,0.0,0.0
2026-05-25,4,145,0,0.0,0,0,0,0,0.0,0.0
2026-05-25,5,145,0,0.0,0,0,0,0,0.0,0.0
2026-05-25,6,145,0,0.0,0,0,0,0,0.0,0.0
2026-05-25,7,145,4,0.329,4,0.329,29.271,29.6,0.0295,0.2797
2026-05-25,8,145,0,1.341,0,0,0,0,0.0,0.0
2026-05-25,9,145,2,2.198,2,2.198,12.602,14.8,0.1972,1.8683
2026-05-25,10,145,0,2.789,0,0,0,0,0.0,0.0
2026-05-25,11,145,1,3.691,1,3.691,3.709,7.4,0.3311,3.1373
2026-05-25,12,145,0,3.616,0,0,0,0,0.0,0.0
2026-05-25,13,145,2,3.193,2,3.193,11.607,14.8,0.2864,2.714
2026-05-25,14,145,0,2.439,0,0,0,0,0.0,0.0
2026-05-25,15,145,3,2.429,3,2.429,19.771,22.2,0.2179,2.0646
2026-05-25,16,145,3,1.43,3,1.43,20.77,22.2,0.1283,1.2155
2026-05-25,17,145,3,0.4,3,0.4,21.8,22.2,0.0359,0.34
2026-05-25,18,145,3,0.0,3,0.0,22.2,22.2,0.0,0.0
2026-05-25,19,145,0,0.0,0,0,0,0,0.0,0.0
2026-05-25,20,145,0,0.0,0,0,0,0,0.0,0.0
2026-05-25,21,145,0,0.0,0,0,0,0,0.0,0.0
2026-05-25,22,145,0,0.0,0,0,0,0,0.0,0.0
2026-05-25,23,145,1,0.0,1,0.0,7.4,7.4,0.0,0.0
2026-05-26,0,146,1,0.0,1,0.0,7.4,7.4,0.0,0.0
2026-05-26,1,146,1,0.0,1,0.0,7.4,7.4,0.0,0.0
2026-05-26,2,146,0,0.0,0,0,0,0,0.0,0.0
2026-05-26,3,146,0,0.0,0,0,0,0,0.0,0.0
2026-05-26,4,146,0,0.0,0,0,0,0,0.0,0.0
2026-05-26,5,146,1,0.0,1,0.0,7.4,7.4,0.0,0.0
2026-05-26,6,146,1,0.0,1,0.0,7.4,7.4,0.0,0.0
2026-05-26,7,146,3,0.395,3,0.395,21.805,22.2,0.0354,0.3357
2026-05-26,8,146,2,1.312,2,1.312,13.488,14.8,0.1177,1.1152
2026-05-26,9,146,2,2.093,2,2.093,12.707,14.8,0.1877,1.7791
2026-05-26,10,146,1,2.989,1,2.989,4.411,7.4,0.2681,2.5406
2026-05-26,11,146,3,2.785,3,2.785,19.415,22.2,0.2498,2.3672
2026-05-26,12,146,0,2.932,0,0,0,0,0.0,0.0
2026-05-26,13,146,0,3.475,0,0,0,0,0.0,0.0
2026-05-26,14,146,2,3.1,2,3.1,11.7,14.8,0.2781,2.635
2026-05-26,15,146,0,2.239,0,0,0,0,0.0,0.0
2026-05-26,16,146,2,1.415,2,1.415,13.385,14.8,0.1269,1.2027
2026-05-26,17,146,3,0.351,3,0.351,21.849,22.2,0.0315,0.2983
2026-05-26,18,146,3,0.0,3,0.0,22.2,22.2,0.0,0.0
2026-05-26,19,146,0,0.0,0,0,0,0,0.0,0.0
2026-05-26,20,146,2,0.0,2,0.0,14.8,14.8,0.0,0.0
2026-05-26,21,146,1,0.0,1,0.0,7.4,7.4,0.0,0.0
2026-05-26,22,146,0,0.0,0,0,0,0,0.0,0.0
2026-05-26,23,146,0,0.0,0,0,0,0,0.0,0.0
2026-05-27,0,147,0,0.0,0,0,0,0,0.0,0.0
2026-05-27,1,147,1,0.0,1,0.0,7.4,7.4,0.0,0.0
2026-05-27,2,147,0,0.0,0,0,0,0,0.0,0.0
2026-05-27,3,147,0,0.0,0,0,0,0,0.0,0.0
2026-05-27,4,147,0,0.0,0,0,0,0,0.0,0.0
2026-05-27,5,147,0,0.0,0,0,0,0,0.0,0.0
2026-05-27,6,147,1,0.0,1,0.0,7.4,7.4,0.0,0.0
2026-05-27,7,147,2,0.345,2,0.345,14.455,14.8,0.0309,0.2932
2026-05-27,8,147,1,1.491,1,1.491,5.909,7.4,0.1337,1.2673
2026-05-27,9,147,4,2.279,4,2.279,27.321,29.6,0.2044,1.9371
2026-05-27,10,147,0,2.495,0,0,0,0,0.0,0.0
2026-05-27,11,147,0,2.802,0,0,0,0,0.0,0.0
2026-05-27,12,147,1,3.223,1,3.223,4.177,7.4,0.2891,2.7395
2026-05-27,13,147,3,3.055,3,3.055,19.145,22.2,0.274,2.5968
2026-05-27,14,147,2,2.646,2,2.646,12.154,14.8,0.2373,2.2491
2026-05-27,15,147,2,2.361,2,2.361,12.439,14.8,0.2118,2.0069
2026-05-27,16,147,0,1.497,0,0,0,0,0.0,0.0
2026-05-27,17,147,1,0.322,1,0.322,7.078,7.4,0.0289,0.2737
2026-05-27,18,147,4,0.0,4,0.0,29.6,29.6,0.0,0.0
2026-05-27,19,147,0,0.0,0,0,0,0,0.0,0.0
2026-05-27,20,147,0,0.0,0,0,0,0,0.0,0.0
2026-05-27,21,147,1,0.0,1,0.0,7.4,7.4,0.0,0.0
2026-05-27,22,147,1,0.0,1,0.0,7.4,7.4,0.0,0.0
2026-05-27,23,147,1,0.0,1,0.0,7.4,7.4,0.0,0.0
2026-05-28,0,148,0,0.0,0,0,0,0,0.0,0.0
2026-05-28,1,148,0,0.0,0,0,0,0,0.0,0.0
2026-05-28,2,148,0,0.0,0,0,0,0,0.0,0.0
2026-05-28,3,148,1,0.0,1,0.0,7.4,7.4,0.0,0.0
2026-05-28,4,148,0,0.0,0,0,0,0,0.0,0.0
2026-05-28,5,148,0,0.0,0,0,0,0,0.0,0.0
2026-05-28,6,148,0,0.0,0,0,0,0,0.0,0.0
2026-05-28,7,148,1,0.333,1,0.333,7.067,7.4,0.0299,0.2831
2026-05-28,8,148,1,1.44,1,1.44,5.96,7.4,0.1292,1.224
2026-05-28,9,148,2,2.019,2,2.019,12.781,14.8,0.1811,1.7162
2026-05-28,10,148,0,2.368,0,0,0,0,0.0,0.0
2026-05-28,11,148,3,2.878,3,2.878,19.322,22.2,0.2582,2.4463
2026-05-28,12,148,3,3.378,3,3.378,18.822,22.2,0.303,2.8713
2026-05-28,13,148,1,3.207,1,3.207,4.193,7.4,0.2877,2.7259
2026-05-28,14,148,2,2.425,2,2.425,12.375,14.8,0.2175,2.0612
2026-05-28,15,148,0,2.119,0,0,0,0,0.0,0.0
2026-05-28,16,148,3,1.504,3,1.504,20.696,22.2,0.1349,1.2784
2026-05-28,17,148,2,0.364,2,0.364,14.436,14.8,0.0327,0.3094
2026-05-28,18,148,4,0.0,4,0.0,29.6,29.6,0.0,0.0
2026-05-28,19,148,3,0.0,3,0.0,22.2,22.2,0.0,0.0
2026-05-28,20,148,3,0.0,3,0.0,22.2,22.2,0.0,0.0
2026-05-28,21,148,0,0.0,0,0,0,0,0.0,0.0
2026-05-28,22,148,0,0.0,0,0,0,0,0.0,0.0
2026-05-28,23,148,0,0.0,0,0,0,0,0.0,0.0
2026-05-29,0,149,1,0.0,1,0.0,7.4,7.4,0.0,0.0
2026-05-29,1,149,0,0.0,0,0,0,0,0.0,0.0
2026-05-29,2,149,0,0.0,0,0,0,0,0.0,0.0
2026-05-29,3,149,1,0.0,1,0.0,7.4,7.4,0.0,0.0
2026-05-29,4,149,0,0.0,0,0,0,0,0.0,0.0
2026-05-29,5,149,1,0.0,1,0.0,7.4,7.4,0.0,0.0
2026-05-29,6,149,0,0.0,0,0,0,0,0.0,0.0
2026-05-29,7,149,1,0.302,1,0.302,7.098,7.4,0.0271,0.2567
2026-05-29,8,149,0,1.333,0,0,0,0,0.0,0.0
2026-05-29,9,149,1,2.431,1,2.431,4.969,7.4,0.2181,2.0663
2026-05-29,10,149,2,2.664,2,2.664,12.136,14.8,0.239,2.2644
2026-05-29,11,149,1,2.931,1,2.931,4.469,7.4,0.2629,2.4914
2026-05-29,12,149,1,3.078,1,3.078,4.322,7.4,0.2761,2.6163
2026-05-29,13,149,1,3.301,1,3.301,4.099,7.4,0.2961,2.8058
2026-05-29,14,149,0,2.51,0,0,0,0,0.0,0.0
2026-05-29,15,149,3,2.13,3,2.13,20.07,22.2,0.1911,1.8105
2026-05-29,16,149,3,1.396,3,1.396,20.804,22.2,0.1252,1.1866
2026-05-29,17,149,4,0.365,4,0.365,29.235,29.6,0.0327,0.3102
2026-05-29,18,149,4,0.0,4,0.0,29.6,29.6,0.0,0.0
2026-05-29,19,149,2,0.0,2,0.0,14.8,14.8,0.0,0.0
2026-05-29,20,149,2,0.0,2,0.0,14.8,14.8,0.0,0.0
2026-05-29,21,149,0,0.0,0,0,0,0,0.0,0.0
2026-05-29,22,149,0,0.0,0,0,0,0,0.0,0.0
2026-05-29,23,149,1,0.0,1,0.0,7.4,7.4,0.0,0.0
2026-05-30,0,150,0,0.0,0,0,0,0,0.0,0.0
2026-05-30,1,150,0,0.0,0,0,0,0,0.0,0.0
2026-05-30,2,150,1,0.0,1,0.0,7.4,7.4,0.0,0.0
2026-05-30,3,150,0,0.0,0,0,0,0,0.0,0.0
2026-05-30,4,150,0,0.0,0,0,0,0,0.0,0.0
2026-05-30,5,150,0,0.0,0,0,0,0,0.0,0.0
2026-05-30,6,150,0,0.0,0,0,0,0,0.0,0.0
2026-05-30,7,150,3,0.352,3,0.352,21.848,22.2,0.0316,0.2992
2026-05-30,8,150,0,1.293,0,0,0,0,0.0,0.0
2026-05-30,9,150,4,2.25,4,2.25,27.35,29.6,0.2018,1.9125
2026-05-30,10,150,2,2.879,2,2.879,11.921,14.8,0.2582,2.4472
2026-05-30,11,150,1,3.649,1,3.649,3.751,7.4,0.3273,3.1016
2026-05-30,12,150,3,2.909,3,2.909,19.291,22.2,0.2609,2.4726
2026-05-30,13,150,2,3.674,2,3.674,11.126,14.8,0.3296,3.1229
2026-05-30,14,150,0,2.791,0,0,0,0,0.0,0.0
2026-05-30,15,150,1,1.835,1,1.835,5.565,7.4,0.1646,1.5597
2026-05-30,16,150,3,1.518,3,1.518,20.682,22.2,0.1362,1.2903
2026-05-30,17,150,4,0.346,4,0.346,29.254,29.6,0.031,0.2941
2026-05-30,18,150,1,0.0,1,0.0,7.4,7.4,0.0,0.0
2026-05-30,19,150,2,0.0,2,0.0,14.8,14.8,0.0,0.0
2026-05-30,20,150,2,0.0,2,0.0,14.8,14.8,0.0,0.0
2026-05-30,21,150,1,0.0,1,0.0,7.4,7.4,0.0,0.0
2026-05-30,22,150,1,0.0,1,0.0,7.4,7.4,0.0,0.0
2026-05-30,23,150,0,0.0,0,0,0,0,0.0,0.0
